Date,Open,High,Low,Close,Volume,Dividends,Stock Splits
30/04/2020,51.48,51.9,47.81,47.85,14457000,0.0,0.0
01/05/2020,46.31,46.58,44.66,45.16,13583100,0.0,0.0
04/05/2020,44.85,45.89,44.52,45.83,7798000,0.0,0.0
05/05/2020,47.03,48.88,46.74,47.05,8220600,0.0,0.0
06/05/2020,48.15,49.28,47.72,48.64,8594600,0.0,0.0
07/05/2020,49.57,49.89,49.04,49.36,6645600,0.0,0.0
08/05/2020,50.48,51.91,50.32,51.83,8082200,0.0,0.0
11/05/2020,52.14,52.41,51.41,52.02,8211500,0.0,0.0
12/05/2020,52.4,52.58,50.39,50.4,7479000,0.0,0.0
13/05/2020,50.57,50.92,48.55,49.6,8696600,0.0,0.0
14/05/2020,48.88,52.64,47.83,52.43,15839000,0.0,0.0
15/05/2020,51.2,51.5,49.29,50.13,20755900,0.0,0.0
18/05/2020,51.56,52.64,50.48,52.36,11293300,0.0,0.0
19/05/2020,52.49,54.9,52.04,53.43,10535600,0.0,0.0
20/05/2020,54.64,56.24,54.46,55.01,9824100,0.22,0.0
21/05/2020,54.97,55.04,53.04,53.21,7467200,0.0,0.0
22/05/2020,53.21,53.35,51.95,52.6,7121000,0.0,0.0
26/05/2020,54.45,54.84,53.15,53.32,7757600,0.0,0.0
27/05/2020,53.76,54.58,51.56,54.54,9071600,0.0,0.0
28/05/2020,54.27,54.81,52.56,52.87,7234100,0.0,0.0
29/05/2020,53.19,54.52,52.67,54.33,10819600,0.0,0.0
01/06/2020,53.8,54.61,53.37,53.85,5374800,0.0,0.0
02/06/2020,54.15,54.37,52.95,53.95,6998700,0.0,0.0
03/06/2020,54.82,56.33,54.55,55.9,8026700,0.0,0.0
04/06/2020,55.28,57.25,55.22,56.21,7456900,0.0,0.0
05/06/2020,57.74,59.1,57.66,58.21,8349700,0.0,0.0
08/06/2020,57.95,58.48,57.14,57.93,5528700,0.0,0.0
09/06/2020,57.07,58.27,56.99,57.82,6184300,0.0,0.0
10/06/2020,58.22,58.57,57.5,57.89,5319800,0.0,0.0
11/06/2020,56.34,56.66,53.53,53.58,9386800,0.0,0.0
12/06/2020,55.61,56.1,53.16,54.69,8534200,0.0,0.0
15/06/2020,53.11,55.34,52.72,55.17,7221000,0.0,0.0
16/06/2020,57.02,58.15,55.99,56.61,9718000,0.0,0.0
17/06/2020,56.79,58.44,56.61,58.02,8338100,0.0,0.0
18/06/2020,57.61,58.72,57.61,58.39,5674000,0.0,0.0
19/06/2020,59.38,60.28,58.42,58.94,10092800,0.0,0.0
22/06/2020,58.53,59.37,57.62,59.25,5379900,0.0,0.0
23/06/2020,59.89,59.94,58.45,58.83,7264900,0.0,0.0
24/06/2020,58.34,58.88,57.2,57.99,7937300,0.0,0.0
25/06/2020,57.64,58.09,56.68,58.0,6298900,0.0,0.0
26/06/2020,57.61,58.16,56.1,56.46,12786500,0.0,0.0
29/06/2020,56.51,57.12,55.66,57.11,5035900,0.0,0.0
30/06/2020,57.17,58.93,57.12,58.46,6067600,0.0,0.0
01/07/2020,58.44,58.78,57.58,57.71,5305200,0.0,0.0
02/07/2020,58.51,59.62,58.35,58.99,5596100,0.0,0.0
06/07/2020,60.33,61.61,60.24,61.37,7776900,0.0,0.0
07/07/2020,61.29,61.73,59.99,60.13,5078200,0.0,0.0
08/07/2020,60.83,61.1,59.98,60.7,4045700,0.0,0.0
09/07/2020,61.0,61.6,60.19,61.4,6155900,0.0,0.0
10/07/2020,61.19,61.4,60.01,60.53,5899000,0.0,0.0
13/07/2020,60.93,61.68,59.39,59.48,6178600,0.0,0.0
14/07/2020,58.8,60.57,58.09,60.48,6297500,0.0,0.0
15/07/2020,60.68,60.77,59.28,60.05,5226400,0.0,0.0
16/07/2020,59.58,60.56,59.47,60.29,3934300,0.0,0.0
17/07/2020,60.78,60.78,59.91,60.25,4585200,0.0,0.0
20/07/2020,60.55,61.79,59.84,61.63,5017000,0.0,0.0
21/07/2020,62.01,62.7,61.18,61.71,5833900,0.0,0.0
22/07/2020,61.48,62.48,61.43,62.1,5027800,0.0,0.0
23/07/2020,62.21,63.18,61.12,61.53,5351800,0.0,0.0
24/07/2020,58.38,59.33,57.66,58.62,11041000,0.0,0.0
27/07/2020,59.6,60.99,59.1,60.93,7194700,0.0,0.0
28/07/2020,60.47,60.88,59.86,60.25,4565700,0.0,0.0
29/07/2020,60.6,61.56,60.12,61.17,4621400,0.0,0.0
30/07/2020,61.15,62.31,60.91,62.3,5525000,0.0,0.0
31/07/2020,62.65,62.65,61.04,62.21,5900600,0.0,0.0
03/08/2020,62.65,63.43,62.55,62.87,5540600,0.0,0.0
04/08/2020,62.86,63.05,62.06,62.71,5190200,0.0,0.0
05/08/2020,62.73,63.1,62.3,62.73,4572700,0.0,0.0
06/08/2020,61.77,62.06,60.54,61.51,7395900,0.0,0.0
07/08/2020,61.59,62.87,60.71,61.47,7124200,0.0,0.0
10/08/2020,61.55,63.13,61.52,63.09,7387000,0.0,0.0
11/08/2020,63.17,63.94,62.11,62.34,7608600,0.0,0.0
12/08/2020,62.85,64.47,62.57,64.31,6170100,0.0,0.0
13/08/2020,64.17,64.41,62.48,62.93,10684400,0.0,0.0
14/08/2020,65.17,67.6,64.31,65.39,23421900,0.0,0.0
17/08/2020,65.86,65.98,64.57,64.73,6883000,0.0,0.0
18/08/2020,65.17,65.17,63.89,64.24,6166700,0.0,0.0
19/08/2020,64.59,64.75,63.74,63.91,4979500,0.22,0.0
20/08/2020,62.79,62.89,61.4,61.89,8307800,0.0,0.0
21/08/2020,61.22,61.4,60.08,60.42,11150600,0.0,0.0
24/08/2020,61.48,61.9,60.82,61.84,8366500,0.0,0.0
25/08/2020,62.2,62.73,61.54,62.14,5156900,0.0,0.0
26/08/2020,62.14,62.35,61.6,61.86,5964900,0.0,0.0
27/08/2020,62.38,62.38,59.47,60.18,8917800,0.0,0.0
28/08/2020,60.21,61.22,60.13,61.19,5206000,0.0,0.0
31/08/2020,60.58,60.75,59.59,59.77,6454200,0.0,0.0
01/09/2020,60.14,60.25,59.41,60.05,7919800,0.0,0.0
02/09/2020,60.63,63.36,60.51,63.14,10802500,0.0,0.0
03/09/2020,62.28,62.46,59.23,59.63,11013000,0.0,0.0
04/09/2020,59.39,59.99,56.81,59.15,14688100,0.0,0.0
08/09/2020,55.37,56.07,53.67,53.98,20934800,0.0,0.0
09/09/2020,54.93,55.29,52.89,53.56,16267600,0.0,0.0
10/09/2020,53.95,54.58,53.31,53.48,10670500,0.0,0.0
11/09/2020,53.96,54.64,53.05,53.36,9203300,0.0,0.0
14/09/2020,54.56,55.42,54.45,54.78,8495700,0.0,0.0
15/09/2020,55.53,56.16,54.8,55.5,7209800,0.0,0.0
16/09/2020,55.78,56.47,54.7,54.79,8339400,0.0,0.0
17/09/2020,53.19,54.95,53.06,54.66,7098700,0.0,0.0
18/09/2020,55.1,55.11,53.56,54.48,11913000,0.0,0.0
21/09/2020,53.57,55.65,52.54,55.62,8494300,0.0,0.0
22/09/2020,56.24,56.38,55.02,56.17,7629300,0.0,0.0
23/09/2020,56.37,57.13,55.31,55.55,8831800,0.0,0.0
24/09/2020,55.25,57.07,55.07,56.07,6318500,0.0,0.0
25/09/2020,55.78,56.64,54.97,56.5,6542600,0.0,0.0
28/09/2020,56.55,58.07,56.52,57.59,8616000,0.0,0.0
29/09/2020,57.61,58.46,57.39,57.88,5402200,0.0,0.0
30/09/2020,57.66,58.39,57.24,57.68,9074400,0.0,0.0
01/10/2020,58.57,59.21,57.74,58.85,7542800,0.0,0.0
02/10/2020,57.33,57.89,56.46,56.48,7103900,0.0,0.0
05/10/2020,57.18,58.83,57.01,58.8,6694600,0.0,0.0
06/10/2020,58.54,60.31,58.38,58.6,6947900,0.0,0.0
07/10/2020,59.67,59.95,59.11,59.3,5335400,0.0,0.0
08/10/2020,59.86,60.84,59.54,60.74,5411500,0.0,0.0
09/10/2020,61.41,61.91,61.18,61.41,6366800,0.0,0.0
12/10/2020,62.15,63.18,62.08,62.76,7021900,0.0,0.0
13/10/2020,63.3,63.47,62.25,62.77,7189900,0.0,0.0
14/10/2020,62.97,63.24,61.54,62.08,5823900,0.0,0.0
15/10/2020,60.54,61.8,60.18,61.62,6397300,0.0,0.0
16/10/2020,61.86,62.03,60.55,61.13,6841000,0.0,0.0
19/10/2020,61.29,61.73,59.97,60.2,5757500,0.0,0.0
20/10/2020,60.81,61.14,60.18,60.41,4479700,0.0,0.0
21/10/2020,60.54,60.99,60.07,60.26,6188900,0.0,0.0
22/10/2020,59.89,60.3,59.05,59.86,6013400,0.0,0.0
23/10/2020,59.86,60.32,58.86,59.14,6519800,0.0,0.0
26/10/2020,58.54,58.7,56.91,57.74,6715400,0.0,0.0
27/10/2020,58.0,58.21,57.02,57.08,4626200,0.0,0.0
28/10/2020,56.06,56.49,55.18,55.62,8976600,0.0,0.0
29/10/2020,55.53,58.44,55.26,57.73,6314400,0.0,0.0
30/10/2020,56.99,57.52,56.53,57.47,7336200,0.0,0.0
02/11/2020,58.17,58.68,57.76,58.54,7475100,0.0,0.0
03/11/2020,59.18,60.58,59.18,59.99,9967600,0.0,0.0
04/11/2020,61.55,63.25,60.28,62.93,9808300,0.0,0.0
05/11/2020,64.04,67.98,63.95,67.87,13118100,0.0,0.0
06/11/2020,66.85,68.75,66.32,68.43,8639700,0.0,0.0
09/11/2020,71.02,73.67,69.14,69.18,10154600,0.0,0.0
10/11/2020,68.84,69.36,67.04,67.33,8206100,0.0,0.0
11/11/2020,68.11,69.57,67.8,69.04,8071900,0.0,0.0
12/11/2020,68.75,69.03,67.36,67.72,8542700,0.0,0.0
13/11/2020,70.12,71.74,69.38,70.64,10179400,0.0,0.0
16/11/2020,70.8,72.31,70.42,72.26,8104400,0.0,0.0
17/11/2020,71.57,72.35,70.89,72.16,5460100,0.0,0.0
18/11/2020,72.68,74.61,72.59,73.68,10667700,0.22,0.0
19/11/2020,73.24,75.43,72.51,75.17,8990100,0.0,0.0
20/11/2020,75.13,76.46,74.62,74.66,7609100,0.0,0.0
23/11/2020,74.9,78.42,74.9,78.34,8809800,0.0,0.0
24/11/2020,78.82,80.91,77.68,80.72,9542000,0.0,0.0
25/11/2020,80.67,80.79,78.89,78.96,5518500,0.0,0.0
27/11/2020,79.61,81.29,79.49,80.44,3098200,0.0,0.0
30/11/2020,79.8,80.37,78.54,80.26,7543100,0.0,0.0
01/12/2020,80.82,82.35,80.65,82.01,7041400,0.0,0.0
02/12/2020,81.44,83.29,81.36,83.0,5272800,0.0,0.0
03/12/2020,83.44,84.69,83.39,83.79,4825000,0.0,0.0
04/12/2020,84.58,86.53,84.32,86.45,6876900,0.0,0.0
07/12/2020,86.87,87.06,85.46,86.75,5524100,0.0,0.0
08/12/2020,86.83,87.84,86.65,87.34,4703000,0.0,0.0
09/12/2020,87.16,87.68,84.84,85.46,7017800,0.0,0.0
10/12/2020,84.66,86.23,84.14,85.53,5731200,0.0,0.0
11/12/2020,84.71,86.21,84.26,85.93,5776400,0.0,0.0
14/12/2020,86.12,88.09,85.95,86.12,6425500,0.0,0.0
15/12/2020,87.48,88.18,85.59,86.09,6179500,0.0,0.0
16/12/2020,85.94,86.85,84.94,86.17,5808100,0.0,0.0
17/12/2020,86.74,86.84,84.79,85.15,5559400,0.0,0.0
18/12/2020,85.31,85.78,83.05,83.78,14603100,0.0,0.0
21/12/2020,82.12,84.21,81.55,84.09,5226600,0.0,0.0
22/12/2020,84.22,84.28,83.24,83.34,3901200,0.0,0.0
23/12/2020,83.98,84.18,81.7,81.77,4585900,0.0,0.0
24/12/2020,82.46,83.1,81.94,83.04,1409200,0.0,0.0
28/12/2020,84.05,84.41,82.29,82.59,3018300,0.0,0.0
29/12/2020,82.74,82.83,81.29,82.01,4518000,0.0,0.0
30/12/2020,83.09,85.22,82.87,84.64,6294300,0.0,0.0
31/12/2020,84.65,84.72,82.88,83.98,5715900,0.0,0.0
04/01/2021,84.9,86.9,83.84,84.54,8449900,0.0,0.0
05/01/2021,84.08,87.21,84.08,87.19,6987200,0.0,0.0
06/01/2021,85.92,89.43,85.91,88.39,9818000,0.0,0.0
07/01/2021,89.65,92.51,89.52,92.02,8784100,0.0,0.0
08/01/2021,93.7,95.17,92.33,92.99,9059700,0.0,0.0
11/01/2021,92.08,95.66,91.65,95.33,8357500,0.0,0.0
12/01/2021,95.88,98.16,95.56,97.32,7186100,0.0,0.0
13/01/2021,97.79,97.79,95.33,95.42,5310000,0.0,0.0
14/01/2021,100.07,103.74,99.94,102.96,11663000,0.0,0.0
15/01/2021,102.33,102.59,98.43,100.37,8981200,0.0,0.0
19/01/2021,102.28,106.64,101.59,106.29,9362200,0.0,0.0
20/01/2021,107.15,107.9,102.33,104.94,9926000,0.0,0.0
21/01/2021,106.18,106.34,103.42,105.07,7271400,0.0,0.0
22/01/2021,105.15,106.8,103.4,103.47,6207600,0.0,0.0
25/01/2021,104.62,107.14,104.13,105.22,8437500,0.0,0.0
26/01/2021,105.93,105.97,102.44,102.69,6029800,0.0,0.0
27/01/2021,99.36,101.26,95.45,95.93,9782700,0.0,0.0
28/01/2021,98.47,100.57,97.28,98.43,7433000,0.0,0.0
29/01/2021,97.54,97.76,93.49,94.08,7943400,0.0,0.0
01/02/2021,96.58,99.41,95.06,98.49,9083600,0.0,0.0
02/02/2021,100.22,101.15,99.04,100.81,5108600,0.0,0.0
03/02/2021,101.52,101.61,97.14,97.19,5399200,0.0,0.0
04/02/2021,97.52,100.94,97.52,100.47,6356300,0.0,0.0
05/02/2021,102.04,102.37,97.98,98.0,6349300,0.0,0.0
08/02/2021,99.11,103.4,99.03,103.34,6621400,0.0,0.0
09/02/2021,103.36,104.48,101.97,102.55,5769200,0.0,0.0
10/02/2021,104.07,105.29,102.21,103.04,5001700,0.0,0.0
11/02/2021,104.54,111.23,104.41,109.96,12147100,0.0,0.0
12/02/2021,109.96,114.65,108.69,113.56,8157500,0.0,0.0
16/02/2021,115.33,117.88,114.53,115.17,9260100,0.0,0.0
17/02/2021,113.33,113.92,109.08,112.6,7225200,0.0,0.0
18/02/2021,110.94,112.52,109.42,110.38,8239600,0.0,0.0
19/02/2021,118.34,121.16,115.71,116.25,21054100,0.0,0.0
22/02/2021,114.8,116.65,111.54,112.13,7850600,0.0,0.0
23/02/2021,109.83,114.64,107.72,113.02,9387900,0.0,0.0
24/02/2021,112.17,119.94,111.56,119.74,10098100,0.22,0.0
25/02/2021,118.14,118.19,110.76,111.08,11352800,0.0,0.0
26/02/2021,113.61,117.24,110.6,115.23,11626500,0.0,0.0
01/03/2021,118.15,119.42,116.47,119.19,7003000,0.0,0.0
02/03/2021,118.79,118.86,114.31,114.56,6505000,0.0,0.0
03/03/2021,115.32,116.85,112.22,112.55,7257100,0.0,0.0
04/03/2021,112.45,113.58,104.45,105.53,12433400,0.0,0.0
05/03/2021,108.8,111.48,103.01,110.61,9962700,0.0,0.0
08/03/2021,109.98,111.26,102.86,103.04,12091500,0.0,0.0
09/03/2021,107.5,112.07,106.67,111.36,12040800,0.0,0.0
10/03/2021,112.9,113.59,109.76,109.86,8820300,0.0,0.0
11/03/2021,114.33,114.9,112.75,114.26,7715500,0.0,0.0
12/03/2021,111.68,113.54,110.49,111.43,7426000,0.0,0.0
15/03/2021,111.76,112.54,110.27,112.01,7061200,0.0,0.0
16/03/2021,114.1,118.24,113.99,115.54,10383000,0.0,0.0
17/03/2021,113.28,118.11,112.03,116.9,8342600,0.0,0.0
18/03/2021,114.91,115.81,111.26,111.42,9040500,0.0,0.0
19/03/2021,111.65,114.13,109.33,111.99,13044700,0.0,0.0
22/03/2021,114.66,118.44,114.04,116.34,11318700,0.0,0.0
23/03/2021,116.9,117.19,112.67,113.47,8263800,0.0,0.0
24/03/2021,119.58,122.65,117.41,118.07,20252500,0.0,0.0
25/03/2021,115.79,117.47,113.31,116.72,10381600,0.0,0.0
26/03/2021,116.68,125.75,116.19,125.42,14037000,0.0,0.0
29/03/2021,123.86,124.63,120.38,122.56,10539600,0.0,0.0
30/03/2021,121.77,124.7,120.76,123.59,7970900,0.0,0.0
31/03/2021,126.72,132.11,125.77,130.26,18589500,0.0,0.0
01/04/2021,134.68,138.8,133.77,137.98,15929200,0.0,0.0
05/04/2021,141.86,142.35,138.19,139.47,14377400,0.0,0.0
06/04/2021,140.28,141.66,133.52,136.05,18004800,0.0,0.0
07/04/2021,136.74,138.32,133.4,135.66,13702700,0.0,0.0
08/04/2021,137.09,138.14,134.75,135.86,10238000,0.0,0.0
09/04/2021,134.86,136.67,134.05,135.43,9637200,0.0,0.0
12/04/2021,134.37,135.26,131.14,131.62,11147500,0.0,0.0
13/04/2021,133.21,133.56,129.87,131.72,8034300,0.0,0.0
14/04/2021,131.3,133.71,129.91,130.78,8134200,0.0,0.0
15/04/2021,132.6,132.73,129.53,131.05,8269400,0.0,0.0
16/04/2021,130.16,131.37,129.68,130.38,7686300,0.0,0.0
19/04/2021,130.05,131.9,125.48,127.62,12826400,0.0,0.0
20/04/2021,126.14,128.38,125.1,125.37,7583300,0.0,0.0
21/04/2021,126.88,131.78,125.77,131.67,12108800,0.0,0.0
22/04/2021,131.4,132.34,127.19,128.45,11483500,0.0,0.0
23/04/2021,130.15,131.79,129.43,131.49,8079100,0.0,0.0
26/04/2021,131.46,135.2,130.84,133.87,7927200,0.0,0.0
27/04/2021,134.69,134.79,132.16,133.36,5767400,0.0,0.0
28/04/2021,133.22,133.49,131.2,132.3,6172700,0.0,0.0
29/04/2021,133.82,134.16,129.76,132.0,6668400,0.0,0.0
30/04/2021,128.7,131.04,128.11,129.39,8691800,0.0,0.0
03/05/2021,130.89,132.22,128.41,129.53,7750200,0.0,0.0
04/05/2021,126.74,127.41,122.18,125.5,14199100,0.0,0.0
05/05/2021,128.43,129.2,125.54,127.03,7276600,0.0,0.0
06/05/2021,126.4,128.59,124.56,128.43,7270500,0.0,0.0
07/05/2021,129.23,130.75,128.35,129.62,7524800,0.0,0.0
10/05/2021,128.62,128.62,121.39,121.57,10471500,0.0,0.0
11/05/2021,117.0,121.23,114.68,120.46,15287800,0.0,0.0
12/05/2021,116.34,117.98,111.53,112.01,18648200,0.0,0.0
13/05/2021,115.53,118.43,114.94,116.92,14228000,0.0,0.0
14/05/2021,118.84,122.65,117.25,121.71,12422300,0.0,0.0
17/05/2021,118.95,120.53,117.36,120.48,9379000,0.0,0.0
18/05/2021,122.2,122.25,118.65,118.76,7536700,0.0,0.0
19/05/2021,115.46,121.95,114.84,121.68,10424200,0.0,0.0
20/05/2021,123.64,127.4,122.11,127.05,18239800,0.0,0.0
21/05/2021,126.6,127.42,123.84,125.44,14252400,0.0,0.0
24/05/2021,126.93,132.24,126.35,131.21,11405600,0.0,0.0
25/05/2021,133.04,135.67,132.54,134.06,12721000,0.0,0.0
26/05/2021,134.75,135.73,133.03,133.71,10577900,0.24,0.0
27/05/2021,132.77,134.97,132.67,134.61,10623400,0.0,0.0
28/05/2021,135.93,136.21,134.61,134.91,7186300,0.0,0.0
01/06/2021,135.76,138.81,134.06,134.99,8839300,0.0,0.0
02/06/2021,134.83,137.09,133.73,135.77,6401200,0.0,0.0
03/06/2021,134.2,134.81,131.94,133.2,8191900,0.0,0.0
04/06/2021,134.52,137.57,134.41,136.59,6662800,0.0,0.0
07/06/2021,136.21,136.43,134.97,135.73,5943100,0.0,0.0
08/06/2021,137.07,137.47,132.09,132.69,8129200,0.0,0.0
09/06/2021,133.66,134.27,131.43,131.51,6887800,0.0,0.0
10/06/2021,132.7,134.95,132.15,133.96,6163000,0.0,0.0
11/06/2021,133.74,133.95,132.08,133.63,6077700,0.0,0.0
14/06/2021,133.61,136.3,132.59,135.79,6062900,0.0,0.0
15/06/2021,135.89,137.33,134.98,135.41,6059300,0.0,0.0
16/06/2021,136.26,137.02,132.87,133.79,8030400,0.0,0.0
17/06/2021,133.37,135.42,131.9,134.12,7690300,0.0,0.0
18/06/2021,132.1,133.08,127.58,128.17,13258400,0.0,0.0
21/06/2021,128.13,130.47,127.28,129.95,5984000,0.0,0.0
22/06/2021,129.72,131.31,128.53,130.33,5680900,0.0,0.0
23/06/2021,131.17,133.03,131.15,132.34,6327400,0.0,0.0
24/06/2021,133.81,135.24,133.52,135.04,6374100,0.0,0.0
25/06/2021,135.48,135.96,132.22,133.01,7276700,0.0,0.0
28/06/2021,135.54,138.12,134.71,137.7,6984400,0.0,0.0
29/06/2021,137.18,139.46,137.12,138.61,5340500,0.0,0.0
30/06/2021,138.68,139.31,136.8,139.08,5963400,0.0,0.0
01/07/2021,138.4,138.88,134.38,134.73,7693500,0.0,0.0
02/07/2021,136.67,137.24,134.31,134.94,5299600,0.0,0.0
06/07/2021,136.03,137.82,131.68,133.59,7432600,0.0,0.0
07/07/2021,135.28,135.51,130.9,131.73,5956800,0.0,0.0
08/07/2021,128.57,131.26,126.7,129.44,7770900,0.0,0.0
09/07/2021,130.31,132.22,129.01,131.76,5762900,0.0,0.0
12/07/2021,132.82,133.84,131.53,133.61,5459600,0.0,0.0
13/07/2021,132.83,133.78,131.61,133.11,4950600,0.0,0.0
14/07/2021,134.97,136.62,132.25,132.49,5982300,0.0,0.0
15/07/2021,131.83,132.76,128.53,130.09,7057900,0.0,0.0
16/07/2021,130.88,131.45,124.94,125.19,8190600,0.0,0.0
19/07/2021,122.27,125.72,120.99,125.62,8934000,0.0,0.0
20/07/2021,126.19,130.02,124.82,128.89,7417600,0.0,0.0
21/07/2021,129.72,135.05,129.44,134.78,6434100,0.0,0.0
22/07/2021,133.81,135.52,133.19,133.98,5564000,0.0,0.0
23/07/2021,134.73,135.76,133.35,135.2,4345600,0.0,0.0
26/07/2021,135.01,136.62,134.24,135.25,4638200,0.0,0.0
27/07/2021,134.42,134.42,128.51,131.76,6344100,0.0,0.0
28/07/2021,132.47,134.67,131.85,134.01,5041900,0.0,0.0
29/07/2021,132.25,134.65,130.4,134.29,5382600,0.0,0.0
30/07/2021,133.32,138.1,133.29,136.67,8556400,0.0,0.0
02/08/2021,137.75,141.86,137.61,138.7,10230600,0.0,0.0
03/08/2021,139.22,140.02,136.97,138.85,5589600,0.0,0.0
04/08/2021,139.67,141.33,138.5,139.43,5434600,0.0,0.0
05/08/2021,140.09,140.53,137.87,138.95,4282200,0.0,0.0
06/08/2021,138.42,139.82,138.29,139.32,3843300,0.0,0.0
09/08/2021,140.14,140.34,138.15,138.69,4026600,0.0,0.0
10/08/2021,139.58,139.67,132.15,134.84,6403900,0.0,0.0
11/08/2021,135.28,135.36,129.51,131.68,9630600,0.0,0.0
12/08/2021,128.92,128.94,124.71,126.21,12962600,0.0,0.0
13/08/2021,126.12,127.4,125.58,126.87,8812400,0.0,0.0
16/08/2021,126.41,128.97,126.09,128.62,10412000,0.0,0.0
17/08/2021,127.02,127.79,123.76,125.8,8208400,0.0,0.0
18/08/2021,125.81,128.57,124.21,124.4,6768800,0.0,0.0
19/08/2021,123.28,126.96,122.36,126.19,9020200,0.0,0.0
20/08/2021,127.34,128.91,122.33,124.23,13707600,0.0,0.0
23/08/2021,125.32,128.43,124.82,128.42,7710700,0.0,0.0
24/08/2021,128.73,130.27,127.57,128.38,6356600,0.0,0.0
25/08/2021,128.71,131.31,128.61,129.96,6735100,0.24,0.0
26/08/2021,129.92,130.95,128.76,129.64,3958700,0.0,0.0
27/08/2021,130.15,134.2,130.0,133.61,8413900,0.0,0.0
30/08/2021,134.61,134.92,132.47,133.12,4617700,0.0,0.0
31/08/2021,133.51,133.66,130.68,132.22,5586000,0.0,0.0
01/09/2021,132.76,133.11,130.37,130.59,6260300,0.0,0.0
02/09/2021,131.83,133.02,131.0,131.56,5142200,0.0,0.0
03/09/2021,130.96,133.49,130.48,132.91,4836000,0.0,0.0
07/09/2021,133.71,134.22,130.87,133.55,5550400,0.0,0.0
08/09/2021,132.78,133.01,128.91,130.68,7440600,0.0,0.0
09/09/2021,130.17,132.93,130.06,132.09,6808600,0.0,0.0
10/09/2021,135.3,137.77,133.67,133.89,9054700,0.0,0.0
13/09/2021,135.73,138.26,134.6,136.44,8507600,0.0,0.0
14/09/2021,135.14,138.75,134.94,137.12,8073200,0.0,0.0
15/09/2021,136.98,138.3,134.48,138.19,6103200,0.0,0.0
16/09/2021,137.34,141.52,136.17,140.99,8467300,0.0,0.0
17/09/2021,139.92,139.92,136.38,137.77,10884400,0.0,0.0
20/09/2021,133.62,133.75,130.68,132.61,8822500,0.0,0.0
21/09/2021,134.18,134.29,130.58,132.27,5782200,0.0,0.0
22/09/2021,133.26,135.81,132.63,135.13,6344300,0.0,0.0
23/09/2021,136.33,139.09,135.72,138.07,5620700,0.0,0.0
24/09/2021,136.41,139.31,136.16,138.86,3729900,0.0,0.0
27/09/2021,136.59,140.19,136.54,139.67,5248600,0.0,0.0
28/09/2021,134.65,136.58,129.68,130.03,12873900,0.0,0.0
29/09/2021,129.94,131.15,125.28,125.51,10730100,0.0,0.0
30/09/2021,126.59,128.03,125.74,125.96,7329800,0.0,0.0
01/10/2021,126.48,126.81,123.7,126.35,6459200,0.0,0.0
04/10/2021,124.91,125.07,120.52,122.5,9549500,0.0,0.0
05/10/2021,124.74,126.42,122.7,125.31,7330400,0.0,0.0
06/10/2021,123.58,125.42,123.01,123.8,7388700,0.0,0.0
07/10/2021,125.88,127.15,124.72,125.13,5761300,0.0,0.0
08/10/2021,125.54,126.02,123.16,123.5,6300500,0.0,0.0
11/10/2021,122.99,126.42,122.95,124.76,5472000,0.0,0.0
12/10/2021,125.99,126.06,122.25,124.03,7637900,0.0,0.0
13/10/2021,126.01,126.69,124.76,125.45,4950600,0.0,0.0
14/10/2021,128.79,129.4,126.86,129.23,7947600,0.0,0.0
15/10/2021,129.41,130.05,128.42,128.76,4826600,0.0,0.0
18/10/2021,127.55,130.53,127.04,130.41,4208500,0.0,0.0
19/10/2021,130.46,132.43,129.76,131.7,3694300,0.0,0.0
20/10/2021,131.09,132.29,130.48,131.1,4619000,0.0,0.0
21/10/2021,128.83,130.64,127.7,130.47,5611000,0.0,0.0
22/10/2021,132.3,138.51,131.61,133.0,10744900,0.0,0.0
25/10/2021,133.32,134.95,132.39,132.84,4005600,0.0,0.0
26/10/2021,134.32,134.44,128.85,129.16,7864600,0.0,0.0
27/10/2021,130.41,131.39,128.58,129.32,7837600,0.0,0.0
28/10/2021,131.67,134.88,131.62,133.09,6391700,0.0,0.0
29/10/2021,131.89,134.31,131.65,133.71,5715300,0.0,0.0
01/11/2021,134.03,136.66,133.48,136.51,5329000,0.0,0.0
02/11/2021,136.5,138.42,135.9,138.17,4822900,0.0,0.0
03/11/2021,138.4,140.26,136.87,139.68,4117500,0.0,0.0
04/11/2021,140.19,147.25,139.43,146.9,9272800,0.0,0.0
05/11/2021,147.04,150.42,145.59,149.99,7706800,0.0,0.0
08/11/2021,151.53,151.56,147.97,149.67,5878500,0.0,0.0
09/11/2021,149.69,153.31,148.16,152.93,7274600,0.0,0.0
10/11/2021,149.95,151.66,147.04,147.16,7149500,0.0,0.0
11/11/2021,148.95,150.86,148.04,150.59,5061000,0.0,0.0
12/11/2021,151.34,154.02,150.79,153.44,5778600,0.0,0.0
15/11/2021,153.58,154.74,151.86,152.91,7304300,0.0,0.0
16/11/2021,152.04,155.58,150.24,154.46,6200700,0.0,0.0
17/11/2021,154.51,155.1,152.53,152.62,5759200,0.0,0.0
18/11/2021,155.09,155.56,151.41,155.32,9929500,0.0,0.0
19/11/2021,147.72,153.08,146.52,146.8,16028700,0.0,0.0
22/11/2021,147.75,149.69,144.19,144.37,9029100,0.0,0.0
23/11/2021,145.51,146.72,141.98,145.71,7254500,0.0,0.0
24/11/2021,145.43,146.16,142.9,146.04,6185900,0.24,0.0
26/11/2021,142.71,144.24,139.38,140.43,7334100,0.0,0.0
29/11/2021,143.84,148.54,142.6,148.2,9932300,0.0,0.0
30/11/2021,148.1,148.95,143.54,144.25,13505800,0.0,0.0
01/12/2021,148.23,153.46,146.85,148.64,14372000,0.0,0.0
02/12/2021,145.05,146.91,140.87,143.57,9573200,0.0,0.0
03/12/2021,145.55,147.73,140.47,142.92,7768000,0.0,0.0
06/12/2021,142.87,145.4,138.21,144.44,8579700,0.0,0.0
07/12/2021,147.99,154.85,147.14,153.76,10514900,0.0,0.0
08/12/2021,153.73,154.71,152.06,154.15,6582400,0.0,0.0
09/12/2021,152.73,155.18,149.34,149.61,5420000,0.0,0.0
10/12/2021,153.0,153.76,147.64,149.68,5291900,0.0,0.0
13/12/2021,151.02,151.39,143.79,144.17,6202500,0.0,0.0
14/12/2021,142.09,145.24,141.65,144.78,5691500,0.0,0.0
15/12/2021,145.0,150.82,142.26,150.59,6883000,0.0,0.0
16/12/2021,151.32,152.25,143.34,143.77,7155900,0.0,0.0
17/12/2021,142.39,146.01,141.34,143.23,9334700,0.0,0.0
20/12/2021,140.93,143.85,140.39,142.12,4653400,0.0,0.0
21/12/2021,146.38,148.5,144.09,148.4,5986900,0.0,0.0
22/12/2021,146.98,149.4,145.95,149.28,4293700,0.0,0.0
23/12/2021,150.02,153.42,149.95,152.39,4625500,0.0,0.0
27/12/2021,153.07,159.56,153.07,159.47,6416500,0.0,0.0
28/12/2021,159.6,159.74,155.58,156.46,5834300,0.0,0.0
29/12/2021,156.71,159.77,156.37,157.77,4654400,0.0,0.0
30/12/2021,157.47,157.71,154.49,154.83,4171400,0.0,0.0
31/12/2021,154.99,156.48,153.91,154.22,3594300,0.0,0.0
03/01/2022,154.59,157.57,153.57,156.74,5363900,0.0,0.0
04/01/2022,156.8,158.61,151.43,155.2,6947000,0.0,0.0
05/01/2022,154.89,155.72,150.44,150.67,6840100,0.0,0.0
06/01/2022,150.22,154.26,148.81,153.22,6576000,0.0,0.0
07/01/2022,152.01,154.24,147.64,147.8,6335700,0.0,0.0
10/01/2022,144.77,146.91,140.41,146.61,9683900,0.0,0.0
11/01/2022,145.42,149.61,143.35,149.41,6824400,0.0,0.0
12/01/2022,151.64,156.56,151.54,156.37,10379800,0.0,0.0
13/01/2022,160.73,163.21,153.38,154.04,12553600,0.0,0.0
14/01/2022,152.67,163.73,152.5,163.67,11437300,0.0,0.0
18/01/2022,162.06,162.58,148.5,149.32,12417000,0.0,0.0
19/01/2022,151.35,152.71,140.07,140.22,12929000,0.0,0.0
20/01/2022,142.78,144.38,135.8,136.37,10573800,0.0,0.0
21/01/2022,134.78,139.07,131.96,132.37,12408200,0.0,0.0
24/01/2022,128.89,136.66,127.1,136.51,13204800,0.0,0.0
25/01/2022,132.11,133.69,128.75,130.34,11800000,0.0,0.0
26/01/2022,134.96,138.76,130.19,132.88,11852600,0.0,0.0
27/01/2022,131.56,132.75,126.72,127.55,13539100,0.0,0.0
28/01/2022,127.01,129.86,121.38,129.81,13292900,0.0,0.0
31/01/2022,130.27,135.61,129.0,135.42,8588900,0.0,0.0
01/02/2022,135.47,136.5,130.71,135.85,8151400,0.0,0.0
02/02/2022,137.89,138.58,134.47,137.95,8134100,0.0,0.0
03/02/2022,135.43,138.4,132.41,133.79,10040600,0.0,0.0
04/02/2022,131.66,134.02,129.31,132.87,8514400,0.0,0.0
07/02/2022,133.05,135.53,132.5,133.41,7242200,0.0,0.0
08/02/2022,132.15,136.42,130.84,135.98,6644100,0.0,0.0
09/02/2022,138.83,142.09,136.71,141.32,7652600,0.0,0.0
10/02/2022,137.0,142.26,136.24,136.98,8525700,0.0,0.0
11/02/2022,136.77,137.76,128.66,129.85,9473100,0.0,0.0
14/02/2022,129.73,131.72,127.1,129.23,9529300,0.0,0.0
15/02/2022,132.0,137.58,131.61,137.05,9065200,0.0,0.0
16/02/2022,135.72,138.88,134.17,138.15,7990700,0.0,0.0
17/02/2022,139.98,140.92,132.06,133.75,11879800,0.0,0.0
18/02/2022,134.26,134.3,128.32,130.69,8151300,0.0,0.0
22/02/2022,127.58,132.7,126.16,127.89,7667700,0.24,0.0
23/02/2022,129.56,131.78,125.3,125.54,8413800,0.0,0.0
24/02/2022,120.84,131.2,120.45,130.99,8500900,0.0,0.0
25/02/2022,130.94,133.66,129.34,133.25,7784500,0.0,0.0
28/02/2022,131.39,134.57,129.63,131.76,7428100,0.0,0.0
01/03/2022,131.31,132.6,125.76,127.25,9212500,0.0,0.0
02/03/2022,127.64,132.03,127.29,130.76,7008700,0.0,0.0
03/03/2022,132.66,132.66,127.21,128.26,5449700,0.0,0.0
04/03/2022,126.05,127.2,121.86,123.45,7096100,0.0,0.0
07/03/2022,125.24,125.72,116.94,117.05,9207100,0.0,0.0
08/03/2022,117.61,125.55,116.02,121.89,10525000,0.0,0.0
09/03/2022,125.38,127.48,123.91,126.28,7623200,0.0,0.0
10/03/2022,123.43,123.71,120.45,122.7,5604400,0.0,0.0
11/03/2022,127.64,127.64,121.13,121.39,6016000,0.0,0.0
14/03/2022,121.49,122.45,116.93,117.95,6733200,0.0,0.0
15/03/2022,119.51,122.68,117.68,122.15,6875300,0.0,0.0
16/03/2022,125.01,128.36,122.82,128.11,9668900,0.0,0.0
17/03/2022,126.97,129.86,125.98,129.59,6781100,0.0,0.0
18/03/2022,128.23,133.28,127.39,132.68,11516500,0.0,0.0
21/03/2022,131.66,132.92,129.52,131.76,6206600,0.0,0.0
22/03/2022,131.56,134.84,131.42,133.02,4997800,0.0,0.0
23/03/2022,131.18,132.64,128.81,129.03,5457900,0.0,0.0
24/03/2022,130.59,136.13,128.94,136.07,7617800,0.0,0.0
25/03/2022,136.11,136.46,132.35,134.57,6074200,0.0,0.0
28/03/2022,132.63,135.25,131.27,135.16,5209600,0.0,0.0
29/03/2022,137.53,139.43,136.38,138.87,6162600,0.0,0.0
30/03/2022,138.13,138.73,132.62,133.33,6387500,0.0,0.0
31/03/2022,133.63,134.85,129.26,129.4,8474800,0.0,0.0
01/04/2022,130.46,130.62,123.29,125.09,10138100,0.0,0.0
04/04/2022,124.86,127.34,124.59,127.09,8347800,0.0,0.0
05/04/2022,126.44,126.64,119.14,119.5,11653700,0.0,0.0
06/04/2022,116.85,119.02,114.94,117.16,11602000,0.0,0.0
07/04/2022,116.92,121.65,116.43,120.17,11817200,0.0,0.0
08/04/2022,119.06,120.16,117.29,117.78,6408100,0.0,0.0
11/04/2022,116.05,116.89,114.03,114.13,7785100,0.0,0.0
12/04/2022,115.95,117.09,112.09,112.48,9883800,0.0,0.0
13/04/2022,113.14,115.97,112.41,114.74,9351400,0.0,0.0
14/04/2022,115.28,115.39,111.19,111.3,7711200,0.0,0.0
18/04/2022,110.45,113.87,110.3,112.78,6822700,0.0,0.0
19/04/2022,112.06,115.11,111.48,114.93,6086600,0.0,0.0
20/04/2022,118.33,120.15,115.38,115.75,8856100,0.0,0.0
21/04/2022,117.04,118.88,113.24,113.59,7849400,0.0,0.0
22/04/2022,113.14,114.08,110.58,110.75,8489400,0.0,0.0
25/04/2022,109.38,112.63,109.18,112.39,8518300,0.0,0.0
26/04/2022,110.79,111.14,106.85,106.94,9461800,0.0,0.0
27/04/2022,106.4,110.33,105.94,106.83,6891600,0.0,0.0
28/04/2022,109.38,113.88,107.6,112.55,7379100,0.0,0.0
29/04/2022,110.98,114.05,108.16,108.34,7998900,0.0,0.0
02/05/2022,109.08,111.14,106.21,110.92,9425100,0.0,0.0
03/05/2022,110.14,112.64,109.4,111.73,5463700,0.0,0.0
04/05/2022,112.09,116.95,110.0,116.65,6352100,0.0,0.0
05/05/2022,113.96,114.77,109.82,111.41,8172500,0.0,0.0
06/05/2022,109.85,112.96,107.89,110.45,6247000,0.0,0.0
09/05/2022,105.98,108.78,103.46,103.83,10088400,0.0,0.0
10/05/2022,107.23,107.58,103.27,105.23,8881000,0.0,0.0
11/05/2022,104.72,107.15,101.73,102.03,8311700,0.0,0.0
12/05/2022,101.16,104.94,101.12,104.82,9287100,0.0,0.0
13/05/2022,106.22,110.58,106.07,109.83,8321100,0.0,0.0
16/05/2022,107.62,110.27,106.65,108.47,7218200,0.0,0.0
17/05/2022,112.46,115.19,111.27,114.72,6646500,0.0,0.0
18/05/2022,111.92,114.92,108.78,109.32,8522800,0.0,0.0
19/05/2022,109.38,111.42,108.2,108.73,10115800,0.0,0.0
20/05/2022,109.96,110.69,99.49,104.52,16285500,0.0,0.0
23/05/2022,105.14,109.33,105.04,107.93,7669100,0.0,0.0
24/05/2022,105.92,106.75,103.79,104.65,6785400,0.0,0.0
25/05/2022,103.41,107.69,103.41,106.82,7378200,0.26,0.0
26/05/2022,105.27,113.88,105.13,113.25,9173100,0.0,0.0
27/05/2022,114.78,117.81,114.56,117.59,8510500,0.0,0.0
31/05/2022,115.7,116.81,113.74,115.44,9751200,0.0,0.0
01/06/2022,116.1,116.63,111.02,112.65,6852200,0.0,0.0
02/06/2022,112.88,115.56,111.76,115.48,6408500,0.0,0.0
03/06/2022,113.08,114.5,112.34,113.15,5080700,0.0,0.0
06/06/2022,115.29,116.02,112.57,113.19,3824600,0.0,0.0
07/06/2022,111.41,114.16,110.63,113.84,4725500,0.0,0.0
08/06/2022,113.45,113.84,109.44,110.69,5138300,0.0,0.0
09/06/2022,109.35,110.2,105.46,105.55,5947900,0.0,0.0
10/06/2022,103.79,104.63,100.2,100.27,8391600,0.0,0.0
13/06/2022,96.71,97.29,94.14,94.8,10484200,0.0,0.0
14/06/2022,95.86,96.41,93.88,95.1,7058400,0.0,0.0
15/06/2022,96.31,97.73,94.08,95.88,9377200,0.0,0.0
16/06/2022,93.29,93.61,87.35,88.18,13359300,0.0,0.0
17/06/2022,86.82,89.51,86.24,88.41,14451300,0.0,0.0
21/06/2022,90.25,94.17,89.72,93.67,12207400,0.0,0.0
22/06/2022,91.62,94.42,91.38,92.46,7652000,0.0,0.0
23/06/2022,93.14,93.82,90.66,91.81,8286300,0.0,0.0
24/06/2022,93.82,96.73,93.18,95.82,10582900,0.0,0.0
27/06/2022,96.42,97.31,95.02,96.07,4950100,0.0,0.0
28/06/2022,96.56,97.35,93.25,93.52,6494200,0.0,0.0
29/06/2022,92.49,92.71,89.97,90.49,7570200,0.0,0.0
30/06/2022,88.83,92.04,87.86,89.54,8183600,0.0,0.0
01/07/2022,87.32,87.32,83.13,84.91,13121600,0.0,0.0
05/07/2022,81.93,84.87,81.37,84.64,9549900,0.0,0.0
06/07/2022,84.89,86.1,83.61,85.19,5732400,0.0,0.0
07/07/2022,87.29,89.72,87.27,89.32,7469600,0.0,0.0
08/07/2022,88.23,90.2,87.89,89.75,4890800,0.0,0.0
11/07/2022,88.09,88.65,86.43,87.22,5319300,0.0,0.0
12/07/2022,87.83,88.6,86.7,87.33,5492300,0.0,0.0
13/07/2022,85.16,88.7,85.12,87.67,5786900,0.0,0.0
14/07/2022,87.08,90.63,85.05,90.22,8686500,0.0,0.0
15/07/2022,90.9,93.1,88.79,92.98,8051200,0.0,0.0
18/07/2022,94.25,94.88,91.09,91.67,5683400,0.0,0.0
19/07/2022,93.19,97.08,92.88,96.68,8203200,0.0,0.0
20/07/2022,96.05,101.24,95.97,100.62,8314000,0.0,0.0
21/07/2022,101.91,102.33,99.43,102.2,5463800,0.0,0.0
22/07/2022,102.07,102.32,99.35,100.07,5100400,0.0,0.0
25/07/2022,98.92,99.67,97.89,99.41,4367000,0.0,0.0
26/07/2022,98.99,99.39,97.01,97.35,5073900,0.0,0.0
27/07/2022,98.98,102.85,98.48,101.83,7275000,0.0,0.0
28/07/2022,101.74,103.63,99.16,103.5,6090500,0.0,0.0
29/07/2022,101.87,104.87,101.41,104.31,5817700,0.0,0.0
01/08/2022,102.84,105.65,102.03,104.72,4737500,0.0,0.0
02/08/2022,103.06,104.86,102.02,103.33,4137900,0.0,0.0
03/08/2022,104.07,108.85,104.01,107.29,6088000,0.0,0.0
04/08/2022,107.69,109.44,107.31,109.31,5279600,0.0,0.0
05/08/2022,107.34,109.47,105.74,107.89,4784000,0.0,0.0
08/08/2022,107.48,108.62,104.27,106.13,6038600,0.0,0.0
09/08/2022,102.11,102.33,96.34,98.09,10355800,0.0,0.0
10/08/2022,101.15,103.47,99.35,103.39,8599800,0.0,0.0
11/08/2022,104.12,107.19,103.33,103.86,5555600,0.0,0.0
12/08/2022,104.52,109.56,104.09,108.64,6644700,0.0,0.0
15/08/2022,108.07,109.89,106.3,108.05,8342600,0.0,0.0
16/08/2022,106.73,107.86,105.32,106.78,4892400,0.0,0.0
17/08/2022,105.31,105.58,102.48,104.33,5495600,0.0,0.0
18/08/2022,105.0,107.6,103.84,106.56,10062400,0.0,0.0
19/08/2022,104.95,105.61,101.72,102.98,12380900,0.0,0.0
22/08/2022,101.18,101.79,98.77,99.22,6180100,0.0,0.0
23/08/2022,99.51,101.68,99.46,100.32,4882300,0.0,0.0
24/08/2022,99.91,100.74,98.81,100.13,4741200,0.26,0.0
25/08/2022,100.62,103.79,100.12,103.61,7645200,0.0,0.0
26/08/2022,103.61,103.61,97.24,97.49,7757100,0.0,0.0
29/08/2022,96.26,97.4,95.09,95.26,5609700,0.0,0.0
30/08/2022,96.61,96.98,92.32,93.27,11623200,0.0,0.0
31/08/2022,93.45,93.56,91.38,92.82,8729700,0.0,0.0
01/09/2022,90.33,90.75,87.85,90.59,9953700,0.0,0.0
02/09/2022,91.91,92.6,89.34,90.03,6795400,0.0,0.0
06/09/2022,89.91,90.39,88.04,89.09,5922500,0.0,0.0
07/09/2022,89.37,91.54,88.69,90.72,5567500,0.0,0.0
08/09/2022,89.81,92.59,89.06,92.55,5233000,0.0,0.0
09/09/2022,93.86,95.72,93.8,95.23,5094300,0.0,0.0
12/09/2022,95.61,96.37,93.98,95.02,5329300,0.0,0.0
13/09/2022,91.2,92.11,88.81,89.19,8422200,0.0,0.0
14/09/2022,90.72,90.72,88.41,89.44,5828200,0.0,0.0
15/09/2022,88.85,89.62,86.92,87.74,7120300,0.0,0.0
16/09/2022,86.46,88.16,85.79,87.69,10893600,0.0,0.0
19/09/2022,86.68,89.09,86.55,88.53,5260300,0.0,0.0
20/09/2022,86.85,87.84,86.19,86.95,4435700,0.0,0.0
21/09/2022,87.2,90.05,85.9,85.93,6953400,0.0,0.0
22/09/2022,85.49,85.64,83.47,83.91,8558400,0.0,0.0
23/09/2022,83.07,83.36,81.6,83.17,7384500,0.0,0.0
26/09/2022,83.17,84.44,81.74,81.84,7015800,0.0,0.0
27/09/2022,83.31,84.05,81.44,83.03,6220000,0.0,0.0
28/09/2022,81.9,85.25,81.74,84.86,7992500,0.0,0.0
29/09/2022,83.63,83.97,82.1,83.3,8542500,0.0,0.0
30/09/2022,80.85,83.34,80.45,80.84,9051000,0.0,0.0
03/10/2022,81.94,86.45,81.91,85.11,9631500,0.0,0.0
04/10/2022,87.94,89.07,87.3,88.22,7914900,0.0,0.0
05/10/2022,86.49,88.97,85.05,88.04,7608600,0.0,0.0
06/10/2022,87.8,89.98,86.71,86.95,6686700,0.0,0.0
07/10/2022,84.04,84.41,80.93,81.5,10029900,0.0,0.0
10/10/2022,80.91,81.04,76.33,78.14,14211900,0.0,0.0
11/10/2022,76.71,77.73,73.98,75.29,12441100,0.0,0.0
12/10/2022,75.53,75.98,74.47,75.0,7770200,0.0,0.0
13/10/2022,71.22,80.44,70.18,78.37,17560200,0.0,0.0
14/10/2022,78.5,78.84,73.6,73.83,10453000,0.0,0.0
17/10/2022,76.19,76.86,73.18,73.42,10772300,0.0,0.0
18/10/2022,75.67,76.41,73.17,74.23,10231000,0.0,0.0
19/10/2022,74.01,76.76,73.45,76.24,10579200,0.0,0.0
20/10/2022,77.32,81.03,76.19,77.62,13287900,0.0,0.0
21/10/2022,77.78,81.55,77.09,81.33,11569500,0.0,0.0
24/10/2022,81.73,83.95,80.81,83.81,12005000,0.0,0.0
25/10/2022,84.8,87.33,84.61,86.37,10349400,0.0,0.0
26/10/2022,85.32,89.05,84.66,86.97,8989100,0.0,0.0
27/10/2022,87.6,88.8,85.22,85.39,6822500,0.0,0.0
28/10/2022,85.47,88.74,85.31,88.53,6388600,0.0,0.0
31/10/2022,87.68,88.21,86.5,87.12,6875400,0.0,0.0
01/11/2022,89.3,89.6,87.82,88.6,6105600,0.0,0.0
02/11/2022,89.15,92.05,86.37,86.6,10650300,0.0,0.0
03/11/2022,84.82,86.55,83.58,85.16,6849700,0.0,0.0
04/11/2022,88.86,90.58,87.66,90.48,8692700,0.0,0.0
07/11/2022,91.04,93.86,90.88,93.78,7684200,0.0,0.0
08/11/2022,95.69,97.48,93.52,96.17,10067000,0.0,0.0
09/11/2022,94.02,95.33,92.99,93.13,6864600,0.0,0.0
10/11/2022,98.83,103.5,98.16,103.4,11692800,0.0,0.0
11/11/2022,103.91,109.42,103.4,109.06,11160000,0.0,0.0
14/11/2022,107.42,108.77,106.02,106.18,7761700,0.0,0.0
15/11/2022,109.7,110.63,107.33,109.0,9438600,0.0,0.0
16/11/2022,103.98,105.71,101.62,102.84,12082500,0.0,0.0
17/11/2022,99.09,104.2,98.88,103.06,10682800,0.0,0.0
18/11/2022,108.53,108.54,102.28,103.31,10921100,0.0,0.0
21/11/2022,102.16,104.51,100.49,103.75,9282400,0.0,0.0
22/11/2022,104.52,105.87,102.47,105.62,8497200,0.0,0.0
23/11/2022,105.17,107.39,105.17,106.5,4077500,0.26,0.0
25/11/2022,105.76,106.33,104.64,104.67,3012500,0.0,0.0
28/11/2022,102.87,103.95,101.69,102.35,6382700,0.0,0.0
29/11/2022,102.93,103.78,101.8,102.13,3450400,0.0,0.0
30/11/2022,102.84,108.45,101.55,108.41,11167000,0.0,0.0
01/12/2022,108.95,109.47,104.61,105.85,6976200,0.0,0.0
02/12/2022,103.19,106.15,103.09,105.55,3903300,0.0,0.0
05/12/2022,105.21,106.52,104.07,105.27,4692500,0.0,0.0
06/12/2022,105.66,105.91,102.64,103.57,4571700,0.0,0.0
07/12/2022,103.57,106.48,103.01,104.96,6383600,0.0,0.0
08/12/2022,105.88,108.25,105.34,107.43,5493200,0.0,0.0
09/12/2022,106.61,108.55,105.84,106.17,4705700,0.0,0.0
12/12/2022,105.66,108.23,104.49,108.18,4831400,0.0,0.0
13/12/2022,114.14,114.83,109.95,110.66,9557300,0.0,0.0
14/12/2022,110.15,111.39,107.37,108.45,6429300,0.0,0.0
15/12/2022,106.58,106.85,102.89,103.42,6773500,0.0,0.0
16/12/2022,103.02,104.78,102.43,103.59,12925700,0.0,0.0
19/12/2022,103.69,103.92,101.55,102.86,6162500,0.0,0.0
20/12/2022,100.96,103.47,100.93,102.38,4761800,0.0,0.0
21/12/2022,103.49,105.35,103.07,104.75,4889100,0.0,0.0
22/12/2022,101.0,101.5,94.93,96.54,11326600,0.0,0.0
23/12/2022,95.64,96.33,94.29,96.16,4753500,0.0,0.0
27/12/2022,95.14,95.79,94.14,94.3,6121400,0.0,0.0
28/12/2022,93.64,94.74,92.66,93.21,4274000,0.0,0.0
29/12/2022,95.01,96.58,94.1,96.09,5071800,0.0,0.0
30/12/2022,94.56,96.42,94.0,96.32,3407000,0.0,0.0
03/01/2023,98.69,98.93,95.08,95.68,5921500,0.0,0.0
04/01/2023,97.15,98.54,96.13,98.23,6289500,0.0,0.0
05/01/2023,96.78,98.16,96.3,96.86,4557100,0.0,0.0
06/01/2023,98.91,103.72,97.51,103.14,7241700,0.0,0.0
09/01/2023,104.4,107.58,103.03,105.33,6212300,0.0,0.0
10/01/2023,104.99,107.02,104.71,106.87,4638800,0.0,0.0
11/01/2023,105.52,108.99,105.37,108.86,5532600,0.0,0.0
12/01/2023,109.38,110.67,106.07,109.0,5330900,0.0,0.0
13/01/2023,106.36,109.0,106.27,108.78,5641600,0.0,0.0
17/01/2023,108.22,109.43,106.61,108.22,4848100,0.0,0.0
18/01/2023,109.56,111.17,108.39,108.51,5374100,0.0,0.0
19/01/2023,108.3,108.45,104.94,105.01,5325100,0.0,0.0
20/01/2023,105.64,108.59,105.33,108.46,5078500,0.0,0.0
23/01/2023,107.35,113.66,107.32,112.92,7669300,0.0,0.0
24/01/2023,112.24,112.83,111.25,111.76,3504700,0.0,0.0
25/01/2023,109.78,113.2,108.22,112.71,5957600,0.0,0.0
26/01/2023,113.16,114.5,111.05,114.32,5813000,0.0,0.0
27/01/2023,111.4,112.65,109.5,111.28,8705700,0.0,0.0
30/01/2023,109.49,109.76,106.8,107.02,7351700,0.0,0.0
31/01/2023,107.78,110.35,107.43,110.28,6577100,0.0,0.0
01/02/2023,110.89,118.83,110.69,117.72,9886400,0.0,0.0
02/02/2023,119.0,123.56,118.99,122.91,11206500,0.0,0.0
03/02/2023,121.59,122.33,118.31,118.68,6156900,0.0,0.0
06/02/2023,116.93,118.14,115.64,116.41,5331000,0.0,0.0
07/02/2023,116.12,119.97,115.48,119.21,4935300,0.0,0.0
08/02/2023,117.86,118.07,114.22,114.69,6460500,0.0,0.0
09/02/2023,117.07,118.26,113.83,114.82,5512200,0.0,0.0
10/02/2023,113.55,113.72,111.74,113.52,4374400,0.0,0.0
13/02/2023,113.92,115.45,113.31,115.26,4198200,0.0,0.0
14/02/2023,113.62,117.72,112.61,117.15,4870700,0.0,0.0
15/02/2023,115.73,118.28,114.73,118.16,4980000,0.0,0.0
16/02/2023,115.61,116.8,113.89,114.14,9117600,0.0,0.0
17/02/2023,115.51,116.13,112.15,114.19,9287100,0.0,0.0
21/02/2023,112.41,113.58,109.73,110.07,7583900,0.0,0.0
22/02/2023,110.17,111.42,108.54,109.47,5089200,0.26,0.0
23/02/2023,111.58,112.99,108.97,111.95,7136100,0.0,0.0
24/02/2023,110.06,111.14,109.44,110.36,5808400,0.0,0.0
27/02/2023,112.54,112.92,110.54,111.11,5362700,0.0,0.0
28/02/2023,115.15,117.06,113.87,115.16,13010900,0.0,0.0
01/03/2023,116.69,118.3,115.94,116.26,6756800,0.0,0.0
02/03/2023,114.46,118.07,112.96,117.44,6502200,0.0,0.0
03/03/2023,117.74,118.12,115.95,117.94,7232400,0.0,0.0
06/03/2023,118.83,120.46,117.21,117.53,5775700,0.0,0.0
07/03/2023,117.32,117.71,114.67,115.38,5225900,0.0,0.0
08/03/2023,115.62,118.08,115.62,117.64,4474900,0.0,0.0
09/03/2023,117.68,119.93,115.85,116.04,5701400,0.0,0.0
10/03/2023,117.33,117.61,112.95,113.41,7009600,0.0,0.0
13/03/2023,112.82,116.32,110.96,114.85,8221300,0.0,0.0
14/03/2023,117.77,120.2,116.87,119.31,8322400,0.0,0.0
15/03/2023,117.51,117.81,114.71,117.47,9517700,0.0,0.0
16/03/2023,117.2,122.38,115.9,121.78,6787700,0.0,0.0
17/03/2023,122.59,123.33,120.58,121.55,13761500,0.0,0.0
20/03/2023,121.95,123.69,121.38,122.98,4974700,0.0,0.0
21/03/2023,122.82,124.55,117.4,119.37,10090100,0.0,0.0
22/03/2023,119.24,122.68,117.68,117.84,8342500,0.0,0.0
23/03/2023,120.23,123.92,119.14,121.73,6182200,0.0,0.0
24/03/2023,120.6,121.08,117.04,118.51,6354500,0.0,0.0
27/03/2023,119.72,119.95,117.31,117.85,4628200,0.0,0.0
28/03/2023,117.87,118.04,114.59,115.41,5523800,0.0,0.0
29/03/2023,117.71,119.98,116.36,118.83,7865300,0.0,0.0
30/03/2023,120.96,122.33,120.3,121.07,6213800,0.0,0.0
31/03/2023,120.48,122.46,119.97,121.78,5016500,0.0,0.0
03/04/2023,120.59,121.39,119.57,121.27,5146800,0.0,0.0
04/04/2023,121.89,121.92,118.37,119.09,4772200,0.0,0.0
05/04/2023,118.57,118.67,114.66,116.32,6691700,0.0,0.0
06/04/2023,113.2,114.31,110.91,113.47,6275000,0.0,0.0
10/04/2023,111.51,115.71,111.49,115.5,4096500,0.0,0.0
11/04/2023,116.33,116.82,115.09,115.39,3373000,0.0,0.0
12/04/2023,116.72,116.79,111.91,112.19,5838900,0.0,0.0
13/04/2023,112.56,112.94,110.57,112.5,5299500,0.0,0.0
14/04/2023,112.39,114.07,110.42,111.94,5211600,0.0,0.0
17/04/2023,108.29,111.01,108.07,110.83,6952200,0.0,0.0
18/04/2023,111.54,112.62,109.59,110.32,5055000,0.0,0.0
19/04/2023,108.91,109.67,108.19,109.4,6796800,0.0,0.0
20/04/2023,110.3,115.34,110.3,113.41,8699500,0.0,0.0
21/04/2023,112.5,113.13,111.25,112.49,4516800,0.0,0.0
24/04/2023,112.52,112.97,111.58,112.64,3218100,0.0,0.0
25/04/2023,111.54,112.69,109.48,109.67,6282600,0.0,0.0
26/04/2023,110.21,110.55,108.88,109.37,6245800,0.0,0.0
27/04/2023,110.35,111.22,108.22,110.73,9447000,0.0,0.0
28/04/2023,110.75,112.29,110.17,112.06,8063500,0.0,0.0
01/05/2023,112.33,113.46,111.14,111.99,4171600,0.0,0.0
02/05/2023,111.96,112.42,110.25,111.2,4850200,0.0,0.0
03/05/2023,110.98,114.29,110.93,112.32,5624100,0.0,0.0
04/05/2023,112.08,112.44,110.77,111.49,3579600,0.0,0.0
05/05/2023,112.73,115.62,112.0,115.07,4874200,0.0,0.0
08/05/2023,115.87,116.59,113.95,114.76,3247600,0.0,0.0
09/05/2023,113.11,113.43,111.9,112.87,3173700,0.0,0.0
10/05/2023,114.53,115.25,113.16,114.42,4101000,0.0,0.0
11/05/2023,114.31,114.85,112.94,114.47,3630400,0.0,0.0
12/05/2023,115.71,116.07,114.01,115.1,3838200,0.0,0.0
15/05/2023,115.69,120.22,115.03,120.08,5859200,0.0,0.0
16/05/2023,119.8,122.02,119.41,119.89,5080700,0.0,0.0
17/05/2023,121.21,125.22,120.84,124.63,7349600,0.0,0.0
18/05/2023,124.74,130.93,124.69,128.81,10891200,0.0,0.0
19/05/2023,127.2,127.22,124.18,125.87,10255500,0.0,0.0
22/05/2023,126.14,126.47,124.58,125.47,4709100,0.0,0.0
23/05/2023,124.81,125.65,123.13,123.43,4604500,0.0,0.0
24/05/2023,121.19,121.89,119.46,121.0,6315600,0.32,0.0
25/05/2023,126.41,129.95,125.37,129.69,9575700,0.0,0.0
26/05/2023,129.99,135.87,129.21,135.25,9083800,0.0,0.0
30/05/2023,137.17,137.97,134.68,135.75,7753800,0.0,0.0
31/05/2023,132.8,134.94,131.37,132.5,11368600,0.0,0.0
01/06/2023,132.93,135.37,130.9,134.02,5007000,0.0,0.0
02/06/2023,134.33,134.52,131.59,133.82,5327400,0.0,0.0
05/06/2023,134.01,134.34,132.24,132.93,3798300,0.0,0.0
06/06/2023,130.61,134.54,129.97,133.14,5468900,0.0,0.0
07/06/2023,134.46,136.22,132.78,134.2,4835700,0.0,0.0
08/06/2023,135.04,135.94,133.35,135.38,4507000,0.0,0.0
09/06/2023,136.96,137.15,135.01,135.3,3675200,0.0,0.0
12/06/2023,136.92,139.39,136.01,139.17,5931900,0.0,0.0
13/06/2023,140.65,141.68,138.58,140.94,6859500,0.0,0.0
14/06/2023,137.58,140.51,137.4,140.32,6474600,0.0,0.0
15/06/2023,137.86,140.58,137.1,139.27,5524400,0.0,0.0
16/06/2023,140.05,140.11,137.3,138.1,8846900,0.0,0.0
20/06/2023,138.28,139.48,136.45,137.69,3840000,0.0,0.0
21/06/2023,137.7,138.33,135.06,135.85,4715300,0.0,0.0
22/06/2023,134.19,138.76,134.19,138.09,3763600,0.0,0.0
23/06/2023,135.73,135.97,134.03,135.26,6955400,0.0,0.0
26/06/2023,135.65,140.03,135.65,138.96,7256100,0.0,0.0
27/06/2023,139.31,145.81,139.12,145.67,7343900,0.0,0.0
28/06/2023,141.94,145.05,141.2,143.17,6645200,0.0,0.0
29/06/2023,143.82,144.38,142.65,143.37,3916500,0.0,0.0
30/06/2023,144.43,144.68,142.58,143.67,6142600,0.0,0.0
03/07/2023,143.16,145.04,142.52,144.6,2533600,0.0,0.0
05/07/2023,143.39,144.05,141.31,141.41,5198400,0.0,0.0
06/07/2023,139.82,140.48,137.93,139.54,5793500,0.0,0.0
07/07/2023,138.78,141.27,138.58,138.73,3459400,0.0,0.0
10/07/2023,138.94,141.03,138.86,139.72,6364400,0.0,0.0
11/07/2023,139.34,139.6,133.21,136.74,7710000,0.0,0.0
12/07/2023,138.38,138.86,137.02,138.06,5590100,0.0,0.0
13/07/2023,139.28,142.8,139.18,141.8,5410800,0.0,0.0
14/07/2023,143.7,144.52,141.53,141.89,6058400,0.0,0.0
17/07/2023,142.12,145.62,140.98,144.63,6306700,0.0,0.0
18/07/2023,142.94,144.28,141.06,143.64,6493600,0.0,0.0
19/07/2023,143.19,143.78,140.33,140.93,5379400,0.0,0.0
20/07/2023,136.99,137.36,132.72,133.24,9883200,0.0,0.0
21/07/2023,134.41,136.48,134.38,135.58,15685200,0.0,0.0
24/07/2023,136.78,138.25,136.03,137.52,5276000,0.0,0.0
25/07/2023,137.86,140.55,137.67,139.22,5038500,0.0,0.0
26/07/2023,136.81,139.45,135.99,138.19,4050400,0.0,0.0
27/07/2023,143.37,149.53,143.35,145.26,8928900,0.0,0.0
28/07/2023,148.68,152.36,147.81,151.02,7802000,0.0,0.0
31/07/2023,151.02,151.77,149.62,150.68,4184400,0.0,0.0
01/08/2023,150.02,151.94,149.38,151.72,3088100,0.0,0.0
02/08/2023,149.72,149.72,146.0,146.45,5468300,0.0,0.0
03/08/2023,145.14,147.81,144.49,146.92,4338600,0.0,0.0
04/08/2023,146.64,148.18,144.2,144.79,3982900,0.0,0.0
07/08/2023,146.17,149.79,146.15,149.48,3896100,0.0,0.0
08/08/2023,147.26,147.42,145.03,147.12,3443700,0.0,0.0
09/08/2023,147.09,148.02,143.93,144.29,4796600,0.0,0.0
10/08/2023,145.89,147.09,142.24,143.74,4018300,0.0,0.0
11/08/2023,141.37,141.62,137.7,138.0,5189900,0.0,0.0
14/08/2023,137.37,141.09,136.85,141.04,4850400,0.0,0.0
15/08/2023,140.42,141.0,138.9,139.24,3384900,0.0,0.0
16/08/2023,139.69,140.41,137.34,137.42,4613000,0.0,0.0
17/08/2023,138.36,138.95,135.75,136.77,7065700,0.0,0.0
18/08/2023,136.51,142.79,134.72,141.81,11536300,0.0,0.0
21/08/2023,142.42,148.33,142.3,147.88,8121900,0.0,0.0
22/08/2023,149.86,150.24,146.06,146.96,4867300,0.0,0.0
23/08/2023,146.45,148.0,145.49,147.43,5300400,0.32,0.0
24/08/2023,148.97,149.38,141.28,141.97,6771000,0.0,0.0
25/08/2023,143.04,144.4,140.42,143.81,4720600,0.0,0.0
28/08/2023,144.75,146.63,143.49,144.86,3565800,0.0,0.0
29/08/2023,143.31,149.94,143.31,149.41,5017200,0.0,0.0
30/08/2023,148.62,150.99,147.61,150.37,4000000,0.0,0.0
31/08/2023,148.84,152.8,148.84,152.17,6593800,0.0,0.0
01/09/2023,153.91,153.95,151.92,153.4,3692700,0.0,0.0
05/09/2023,153.38,154.23,151.74,153.02,4266700,0.0,0.0
06/09/2023,152.66,154.66,150.97,152.59,3109600,0.0,0.0
07/09/2023,148.65,148.92,144.57,147.66,6720300,0.0,0.0
08/09/2023,147.15,147.93,145.62,146.96,4473300,0.0,0.0
11/09/2023,149.43,149.43,143.49,146.15,4145000,0.0,0.0
12/09/2023,145.47,145.88,143.17,143.42,4470600,0.0,0.0
13/09/2023,143.66,146.55,143.25,144.03,4625200,0.0,0.0
14/09/2023,145.85,146.15,143.39,144.02,5629800,0.0,0.0
15/09/2023,140.31,140.68,136.19,137.72,13650100,0.0,0.0
18/09/2023,137.35,140.44,136.99,139.73,5607700,0.0,0.0
19/09/2023,139.17,139.51,136.15,137.18,6365400,0.0,0.0
20/09/2023,138.23,139.12,136.37,136.45,5806900,0.0,0.0
21/09/2023,134.5,136.98,134.42,134.67,5241000,0.0,0.0
22/09/2023,136.47,137.78,135.23,135.65,5301100,0.0,0.0
25/09/2023,135.37,136.51,134.2,136.07,5161300,0.0,0.0
26/09/2023,135.09,135.51,133.03,133.57,5343000,0.0,0.0
27/09/2023,134.7,135.55,132.59,134.54,6296200,0.0,0.0
28/09/2023,134.16,139.26,133.77,137.69,5341600,0.0,0.0
29/09/2023,139.68,141.02,137.54,137.92,4447600,0.0,0.0
02/10/2023,138.33,140.87,136.73,138.98,4896900,0.0,0.0
03/10/2023,138.15,139.47,134.91,136.2,6173000,0.0,0.0
04/10/2023,137.04,139.07,136.45,138.77,5543600,0.0,0.0
05/10/2023,138.92,139.61,137.25,138.75,4310400,0.0,0.0
06/10/2023,137.52,140.62,134.63,139.75,5234100,0.0,0.0
09/10/2023,138.94,140.39,137.23,139.61,3271500,0.0,0.0
10/10/2023,140.5,142.18,139.81,140.86,3342900,0.0,0.0
11/10/2023,142.27,142.39,140.27,141.64,5136900,0.0,0.0
12/10/2023,142.45,147.83,142.22,144.44,8109900,0.0,0.0
13/10/2023,146.49,146.54,140.18,140.6,6600500,0.0,0.0
16/10/2023,141.22,142.11,139.2,140.46,6097400,0.0,0.0
17/10/2023,138.6,142.24,136.29,142.17,5915900,0.0,0.0
18/10/2023,139.36,141.93,137.57,140.91,5357900,0.0,0.0
19/10/2023,142.29,142.5,133.26,133.91,9400300,0.0,0.0
20/10/2023,134.0,135.63,132.85,133.61,6148800,0.0,0.0
23/10/2023,132.69,135.29,131.39,133.72,3820100,0.0,0.0
24/10/2023,134.81,135.03,133.0,134.38,5238800,0.0,0.0
25/10/2023,132.56,132.75,129.25,129.61,7118100,0.0,0.0
26/10/2023,130.61,133.89,130.01,130.34,5462700,0.0,0.0
27/10/2023,130.77,132.6,130.06,130.8,4397300,0.0,0.0
30/10/2023,131.45,132.45,129.32,130.53,4604600,0.0,0.0
31/10/2023,131.29,132.04,128.71,131.84,4108100,0.0,0.0
01/11/2023,132.52,135.31,132.27,134.77,5127800,0.0,0.0
02/11/2023,137.28,139.24,136.15,137.98,6088400,0.0,0.0
03/11/2023,138.96,141.23,138.54,139.21,5559600,0.0,0.0
06/11/2023,139.86,140.25,138.68,139.82,4823200,0.0,0.0
07/11/2023,139.46,141.38,139.15,141.2,4886800,0.0,0.0
08/11/2023,141.82,143.98,141.07,143.68,4305900,0.0,0.0
09/11/2023,144.34,146.65,142.34,142.62,4979900,0.0,0.0
10/11/2023,144.63,150.41,144.12,150.1,6699400,0.0,0.0
13/11/2023,148.43,149.67,146.98,149.17,4125200,0.0,0.0
14/11/2023,152.44,154.32,151.56,153.49,6505000,0.0,0.0
15/11/2023,154.38,156.17,153.47,154.77,4383300,0.0,0.0
16/11/2023,154.8,157.16,150.62,154.22,10513800,0.0,0.0
17/11/2023,141.5,148.48,141.4,148.02,18912700,0.0,0.0
20/11/2023,148.31,152.41,148.24,151.99,7087400,0.0,0.0
21/11/2023,150.99,151.23,147.6,148.68,6517900,0.0,0.0
22/11/2023,150.77,153.53,148.77,149.23,5071300,0.32,0.0
24/11/2023,149.08,150.41,149.08,150.09,1992000,0.0,0.0
27/11/2023,149.25,151.5,148.52,150.55,3429700,0.0,0.0
28/11/2023,149.11,149.74,146.26,147.81,5799600,0.0,0.0
29/11/2023,149.99,152.56,148.6,149.11,4975600,0.0,0.0
30/11/2023,150.16,150.23,146.79,149.53,7555600,0.0,0.0
01/12/2023,149.31,151.72,148.38,151.33,4923600,0.0,0.0
04/12/2023,149.79,150.41,145.41,148.02,5859600,0.0,0.0
05/12/2023,146.28,147.22,144.97,145.9,5206300,0.0,0.0
06/12/2023,148.43,148.47,144.45,144.46,4491100,0.0,0.0
07/12/2023,146.71,148.29,144.33,148.14,5753600,0.0,0.0
08/12/2023,147.17,148.56,145.74,147.47,4987800,0.0,0.0
11/12/2023,148.96,155.4,148.89,154.88,6945800,0.0,0.0
